TokenId,DateTime,Title,ArtistName,Playlistname,CategoryName
1727,05-12-2017 16:47:32,Recipe - Peach And Apple  Rice,EC-PAR-CN-E-1017,West and North IAP TV,IAP TV
1727,05-12-2017 16:32:37,Furball 3 - Immunity - New,EC-F3I-CH-E-1017,West and North IAP TV,IAP TV
1727,05-12-2017 16:28:28,Marico Saffola Branded Mushroom,BL-SAF-CN-E-1017,West and North IAP TV,IAP TV
1727,05-12-2017 16:22:11,Recipe - Apple Ragi Porridge,EC-RARP-CN-E-1017,West and North IAP TV,IAP TV
1727,05-12-2017 14:46:40,Abbott Vaccines Branded,BC-AVE-CH-E-1117,West and North IAP TV,IAP TV
1727,05-12-2017 14:38:08,Travelling With Kids,EC-TWK-PT-E-1017,West and North IAP TV,IAP TV
1727,05-12-2017 14:06:23,Recipe - Apple Ragi Porridge,EC-RARP-CN-E-1017,West and North IAP TV,IAP TV
1727,05-12-2017 14:03:38,Recipe - Peach And Apple  Rice,EC-PAR-CN-E-1017,West and North IAP TV,IAP TV
1727,05-12-2017 13:41:55,Travelling With Kids,EC-TWK-PT-E-1017,West and North IAP TV,IAP TV
1727,05-12-2017 13:35:31,Recipe - Peach And Apple  Rice,EC-PAR-CN-E-1017,West and North IAP TV,IAP TV
1727,05-12-2017 13:22:21,Abbott Vaccines Branded,BC-AVE-CH-E-1117,West and North IAP TV,IAP TV
1727,05-12-2017 13:16:28,Marico Saffola Branded Mushroom,BL-SAF-CN-E-1017,West and North IAP TV,IAP TV
1727,05-12-2017 12:17:35,Travelling With Kids,EC-TWK-PT-E-1017,West and North IAP TV,IAP TV
1727,05-12-2017 11:56:17,Furball 3 - Immunity - New,EC-F3I-CH-E-1017,West and North IAP TV,IAP TV
1727,05-12-2017 11:21:21,Travelling With Kids,EC-TWK-PT-E-1017,West and North IAP TV,IAP TV
1727,05-12-2017 11:17:43,Recipe - Apple Ragi Porridge,EC-RARP-CN-E-1017,West and North IAP TV,IAP TV
1727,05-12-2017 11:14:57,Recipe - Peach And Apple  Rice,EC-PAR-CN-E-1017,West and North IAP TV,IAP TV
1727,05-12-2017 11:12:57,Marico Saffola Brand Linked Cheese Balls,BC-SAF-CN-E-1017,West and North IAP TV,IAP TV
1727,05-12-2017 10:55:53,Marico Saffola Branded Mushroom,BL-SAF-CN-E-1017,West and North IAP TV,IAP TV
1727,05-12-2017 10:49:36,Recipe - Apple Ragi Porridge,EC-RARP-CN-E-1017,West and North IAP TV,IAP TV
1727,04-12-2017 16:07:45,Recipe - Peach And Apple  Rice,EC-PAR-CN-E-1017,West and North IAP TV,IAP TV
1727,04-12-2017 16:05:45,Marico Saffola Brand Linked Cheese Balls,BC-SAF-CN-E-1017,West and North IAP TV,IAP TV
1727,04-12-2017 16:04:48,J&J Guide To Baby Milestones 1 Month,BC-JAJ-CH-E-1017,West and North IAP TV,IAP TV
1727,04-12-2017 15:57:49,Saath Saath 1 - Going Back To Work,EC-SS1-WE-H-0617,West and North IAP TV,IAP TV
1727,04-12-2017 15:52:51,Furball 3 - Immunity - New,EC-F3I-CH-E-1017,West and North IAP TV,IAP TV
1727,04-12-2017 15:42:24,Recipe - Apple Ragi Porridge,EC-RARP-CN-E-1017,West and North IAP TV,IAP TV
1727,04-12-2017 15:37:39,Marico Saffola Brand Linked Cheese Balls,BC-SAF-CN-E-1017,West and North IAP TV,IAP TV
1727,04-12-2017 15:20:36,Marico Saffola Branded Mushroom,BL-SAF-CN-E-1017,West and North IAP TV,IAP TV
1727,04-12-2017 15:16:56,J&J How To Bathe Your Newborn,BC-JAJ-CH-E-1017,West and North IAP TV,IAP TV
1727,04-12-2017 15:08:35,J&J Guide To Baby Milestones 1 Month,BC-JAJ-CH-E-1017,West and North IAP TV,IAP TV
1727,04-12-2017 14:58:22,Abbott Vaccines Branded,BC-AVE-CH-E-1117,West and North IAP TV,IAP TV
1727,04-12-2017 14:49:50,Travelling With Kids,EC-TWK-PT-E-1017,West and North IAP TV,IAP TV
1727,04-12-2017 14:41:26,Marico Saffola Brand Linked Cheese Balls,BC-SAF-CN-E-1017,West and North IAP TV,IAP TV
1727,04-12-2017 14:33:29,Saath Saath 1 - Going Back To Work,EC-SS1-WE-H-0617,West and North IAP TV,IAP TV
1727,04-12-2017 14:00:25,Furball 3 - Immunity - New,EC-F3I-CH-E-1017,West and North IAP TV,IAP TV
1727,04-12-2017 13:29:32,Recipe - Moong Sprout Dosa,EC-MSD-CN-E-1017,West and North IAP TV,IAP TV
1727,04-12-2017 13:28:09,Marico Saffola Branded Mushroom,BL-SAF-CN-E-1017,West and North IAP TV,IAP TV
1727,04-12-2017 13:00:02,Marico Saffola Branded Mushroom,BL-SAF-CN-E-1017,West and North IAP TV,IAP TV
1727,04-12-2017 12:05:12,Recipe - Moong Sprout Dosa,EC-MSD-CN-E-1017,West and North IAP TV,IAP TV
1727,04-12-2017 11:44:49,Saath Saath 1 - Going Back To Work,EC-SS1-WE-H-0617,West and North IAP TV,IAP TV
1727,04-12-2017 11:33:02,Travelling With Kids,EC-TWK-PT-E-1017,West and North IAP TV,IAP TV
1727,04-12-2017 11:13:28,Abbott Vaccines Branded,BC-AVE-CH-E-1117,West and North IAP TV,IAP TV
1727,04-12-2017 11:07:34,Marico Saffola Branded Mushroom,BL-SAF-CN-E-1017,West and North IAP TV,IAP TV
1727,04-12-2017 10:56:31,Marico Saffola Brand Linked Cheese Balls,BC-SAF-CN-E-1017,West and North IAP TV,IAP TV
1727,04-12-2017 10:45:21,Abbott Vaccines Branded,BC-AVE-CH-E-1117,West and North IAP TV,IAP TV
1727,04-12-2017 10:35:48,J&J How To Bathe Your Newborn,BC-JAJ-CH-E-1017,West and North IAP TV,IAP TV
1727,04-12-2017 10:33:10,Recipe - Apple Ragi Porridge,EC-RARP-CN-E-1017,West and North IAP TV,IAP TV
1727,02-12-2017 17:58:50,Recipe - Peach And Apple  Rice,EC-PAR-CN-E-1017,West and North IAP TV,IAP TV
1727,02-12-2017 17:39:47,Marico Saffola Branded Mushroom,BL-SAF-CN-E-1017,West and North IAP TV,IAP TV
1727,02-12-2017 17:30:44,Recipe - Peach And Apple  Rice,EC-PAR-CN-E-1017,West and North IAP TV,IAP TV
1727,02-12-2017 17:28:44,Marico Saffola Brand Linked Cheese Balls,BC-SAF-CN-E-1017,West and North IAP TV,IAP TV
1727,02-12-2017 17:20:47,Saath Saath 1 - Going Back To Work,EC-SS1-WE-H-0617,West and North IAP TV,IAP TV
1727,02-12-2017 17:15:49,Furball 3 - Immunity - New,EC-F3I-CH-E-1017,West and North IAP TV,IAP TV
1727,02-12-2017 17:11:40,Marico Saffola Branded Mushroom,BL-SAF-CN-E-1017,West and North IAP TV,IAP TV
1727,02-12-2017 17:09:01,Travelling With Kids,EC-TWK-PT-E-1017,West and North IAP TV,IAP TV
1727,02-12-2017 17:08:01,J&J How To Bathe Your Newborn,BC-JAJ-CH-E-1017,West and North IAP TV,IAP TV
1727,02-12-2017 17:02:37,Recipe - Peach And Apple  Rice,EC-PAR-CN-E-1017,West and North IAP TV,IAP TV
1727,02-12-2017 17:00:37,Marico Saffola Brand Linked Cheese Balls,BC-SAF-CN-E-1017,West and North IAP TV,IAP TV
1727,02-12-2017 16:59:40,J&J Guide To Baby Milestones 1 Month,BC-JAJ-CH-E-1017,West and North IAP TV,IAP TV
1727,02-12-2017 16:47:43,Furball 3 - Immunity - New,EC-F3I-CH-E-1017,West and North IAP TV,IAP TV
1727,02-12-2017 16:44:57,Recipe - Moong Sprout Dosa,EC-MSD-CN-E-1017,West and North IAP TV,IAP TV
1727,02-12-2017 16:43:34,Marico Saffola Branded Mushroom,BL-SAF-CN-E-1017,West and North IAP TV,IAP TV
1727,02-12-2017 16:39:55,J&J How To Bathe Your Newborn,BC-JAJ-CH-E-1017,West and North IAP TV,IAP TV
1727,02-12-2017 16:19:37,Furball 3 - Immunity - New,EC-F3I-CH-E-1017,West and North IAP TV,IAP TV
1727,02-12-2017 16:15:28,Marico Saffola Branded Mushroom,BL-SAF-CN-E-1017,West and North IAP TV,IAP TV
1727,02-12-2017 15:51:30,Furball 3 - Immunity - New,EC-F3I-CH-E-1017,West and North IAP TV,IAP TV
1727,02-12-2017 15:44:42,Travelling With Kids,EC-TWK-PT-E-1017,West and North IAP TV,IAP TV
1727,02-12-2017 15:23:24,Furball 3 - Immunity - New,EC-F3I-CH-E-1017,West and North IAP TV,IAP TV
1727,02-12-2017 15:16:35,Travelling With Kids,EC-TWK-PT-E-1017,West and North IAP TV,IAP TV
1727,02-12-2017 15:15:35,J&J How To Bathe Your Newborn,BC-JAJ-CH-E-1017,West and North IAP TV,IAP TV
1727,02-12-2017 14:57:02,Abbott Vaccines Branded,BC-AVE-CH-E-1117,West and North IAP TV,IAP TV
1727,02-12-2017 14:52:31,Recipe - Moong Sprout Dosa,EC-MSD-CN-E-1017,West and North IAP TV,IAP TV
1727,02-12-2017 14:44:51,Recipe - Apple Ragi Porridge,EC-RARP-CN-E-1017,West and North IAP TV,IAP TV
1727,02-12-2017 14:42:05,Recipe - Peach And Apple  Rice,EC-PAR-CN-E-1017,West and North IAP TV,IAP TV
1727,02-12-2017 14:27:11,Furball 3 - Immunity - New,EC-F3I-CH-E-1017,West and North IAP TV,IAP TV
1727,02-12-2017 14:11:59,Marico Saffola Brand Linked Cheese Balls,BC-SAF-CN-E-1017,West and North IAP TV,IAP TV
1727,02-12-2017 14:00:48,Abbott Vaccines Branded,BC-AVE-CH-E-1117,West and North IAP TV,IAP TV
1727,02-12-2017 13:54:55,Marico Saffola Branded Mushroom,BL-SAF-CN-E-1017,West and North IAP TV,IAP TV
1727,02-12-2017 13:32:42,Abbott Vaccines Branded,BC-AVE-CH-E-1117,West and North IAP TV,IAP TV
1727,02-12-2017 13:30:57,Furball 3 - Immunity - New,EC-F3I-CH-E-1017,West and North IAP TV,IAP TV
1727,02-12-2017 13:02:51,Furball 3 - Immunity - New,EC-F3I-CH-E-1017,West and North IAP TV,IAP TV
1727,02-12-2017 12:52:24,Recipe - Apple Ragi Porridge,EC-RARP-CN-E-1017,West and North IAP TV,IAP TV
1727,02-12-2017 12:49:39,Recipe - Peach And Apple  Rice,EC-PAR-CN-E-1017,West and North IAP TV,IAP TV
1727,02-12-2017 12:36:28,Abbott Vaccines Branded,BC-AVE-CH-E-1117,West and North IAP TV,IAP TV
1727,02-12-2017 12:34:44,Furball 3 - Immunity - New,EC-F3I-CH-E-1017,West and North IAP TV,IAP TV
1727,02-12-2017 12:08:21,Abbott Vaccines Branded,BC-AVE-CH-E-1117,West and North IAP TV,IAP TV
1727,02-12-2017 11:56:11,Recipe - Apple Ragi Porridge,EC-RARP-CN-E-1017,West and North IAP TV,IAP TV
1727,02-12-2017 11:31:42,Travelling With Kids,EC-TWK-PT-E-1017,West and North IAP TV,IAP TV
1727,02-12-2017 11:30:42,J&J How To Bathe Your Newborn,BC-JAJ-CH-E-1017,West and North IAP TV,IAP TV
1727,02-12-2017 11:28:04,Recipe - Apple Ragi Porridge,EC-RARP-CN-E-1017,West and North IAP TV,IAP TV
1727,02-12-2017 11:12:08,Abbott Vaccines Branded,BC-AVE-CH-E-1117,West and North IAP TV,IAP TV
1727,02-12-2017 11:03:36,Travelling With Kids,EC-TWK-PT-E-1017,West and North IAP TV,IAP TV
1727,02-12-2017 10:31:50,Recipe - Apple Ragi Porridge,EC-RARP-CN-E-1017,West and North IAP TV,IAP TV
1727,01-12-2017 14:54:31,Recipe - Apple Ragi Porridge,EC-RARP-CN-E-1017,West and North IAP TV,IAP TV
1727,01-12-2017 14:38:35,Abbott Vaccines Branded,BC-AVE-CH-E-1117,West and North IAP TV,IAP TV
1727,01-12-2017 14:26:25,Recipe - Apple Ragi Porridge,EC-RARP-CN-E-1017,West and North IAP TV,IAP TV
1727,01-12-2017 14:13:43,Saath Saath 1 - Going Back To Work,EC-SS1-WE-H-0617,West and North IAP TV,IAP TV
1727,01-12-2017 14:01:56,Travelling With Kids,EC-TWK-PT-E-1017,West and North IAP TV,IAP TV
1727,01-12-2017 13:55:32,Recipe - Peach And Apple  Rice,EC-PAR-CN-E-1017,West and North IAP TV,IAP TV
1727,01-12-2017 13:53:33,Marico Saffola Brand Linked Cheese Balls,BC-SAF-CN-E-1017,West and North IAP TV,IAP TV
1727,01-12-2017 13:36:29,Marico Saffola Branded Mushroom,BL-SAF-CN-E-1017,West and North IAP TV,IAP TV
1727,01-12-2017 13:30:12,Recipe - Apple Ragi Porridge,EC-RARP-CN-E-1017,West and North IAP TV,IAP TV
1727,01-12-2017 13:14:16,Abbott Vaccines Branded,BC-AVE-CH-E-1117,West and North IAP TV,IAP TV
1727,01-12-2017 12:49:23,Saath Saath 1 - Going Back To Work,EC-SS1-WE-H-0617,West and North IAP TV,IAP TV
1727,01-12-2017 12:12:08,Marico Saffola Branded Mushroom,BL-SAF-CN-E-1017,West and North IAP TV,IAP TV
1727,01-12-2017 11:45:25,Recipe - Moong Sprout Dosa,EC-MSD-CN-E-1017,West and North IAP TV,IAP TV
1727,01-12-2017 11:41:22,Travelling With Kids,EC-TWK-PT-E-1017,West and North IAP TV,IAP TV
1727,01-12-2017 11:40:22,J&J How To Bathe Your Newborn,BC-JAJ-CH-E-1017,West and North IAP TV,IAP TV
1727,01-12-2017 11:13:15,Travelling With Kids,EC-TWK-PT-E-1017,West and North IAP TV,IAP TV
1727,01-12-2017 11:09:37,Recipe - Apple Ragi Porridge,EC-RARP-CN-E-1017,West and North IAP TV,IAP TV
1727,01-12-2017 10:53:41,Abbott Vaccines Branded,BC-AVE-CH-E-1117,West and North IAP TV,IAP TV
1727,01-12-2017 10:41:30,Recipe - Apple Ragi Porridge,EC-RARP-CN-E-1017,West and North IAP TV,IAP TV
1727,30-11-2017 19:44:03,Saath Saath 1 - Going Back To Work,EC-SS1-WE-H-0617,West and North IAP TV,IAP TV
1727,30-11-2017 19:40:49,Abbott Vaccines Branded,BC-AVE-CH-E-1117,West and North IAP TV,IAP TV
1727,30-11-2017 19:08:12,Recipe - Moong Sprout Dosa,EC-MSD-CN-E-1017,West and North IAP TV,IAP TV
1727,30-11-2017 18:47:49,Saath Saath 1 - Going Back To Work,EC-SS1-WE-H-0617,West and North IAP TV,IAP TV
1727,30-11-2017 18:10:35,Marico Saffola Branded Mushroom,BL-SAF-CN-E-1017,West and North IAP TV,IAP TV
1727,30-11-2017 17:58:34,J&J Guide To Baby Milestones 1 Month,BC-JAJ-CH-E-1017,West and North IAP TV,IAP TV
1727,30-11-2017 17:51:35,Saath Saath 1 - Going Back To Work,EC-SS1-WE-H-0617,West and North IAP TV,IAP TV
1727,30-11-2017 17:46:37,Furball 3 - Immunity - New,EC-F3I-CH-E-1017,West and North IAP TV,IAP TV
1727,30-11-2017 17:38:48,J&J How To Bathe Your Newborn,BC-JAJ-CH-E-1017,West and North IAP TV,IAP TV
1727,30-11-2017 17:33:25,Recipe - Peach And Apple  Rice,EC-PAR-CN-E-1017,West and North IAP TV,IAP TV
1727,30-11-2017 17:31:25,Marico Saffola Brand Linked Cheese Balls,BC-SAF-CN-E-1017,West and North IAP TV,IAP TV
1727,30-11-2017 17:23:28,Saath Saath 1 - Going Back To Work,EC-SS1-WE-H-0617,West and North IAP TV,IAP TV
1727,30-11-2017 17:15:44,Recipe - Moong Sprout Dosa,EC-MSD-CN-E-1017,West and North IAP TV,IAP TV
1727,30-11-2017 17:08:04,Recipe - Apple Ragi Porridge,EC-RARP-CN-E-1017,West and North IAP TV,IAP TV
1727,30-11-2017 17:03:18,Marico Saffola Brand Linked Cheese Balls,BC-SAF-CN-E-1017,West and North IAP TV,IAP TV
1727,30-11-2017 17:02:20,J&J Guide To Baby Milestones 1 Month,BC-JAJ-CH-E-1017,West and North IAP TV,IAP TV
1727,30-11-2017 16:50:23,Furball 3 - Immunity - New,EC-F3I-CH-E-1017,West and North IAP TV,IAP TV
1727,30-11-2017 16:43:35,Travelling With Kids,EC-TWK-PT-E-1017,West and North IAP TV,IAP TV
1727,30-11-2017 16:35:11,Marico Saffola Brand Linked Cheese Balls,BC-SAF-CN-E-1017,West and North IAP TV,IAP TV
1727,30-11-2017 16:19:31,Recipe - Moong Sprout Dosa,EC-MSD-CN-E-1017,West and North IAP TV,IAP TV
1727,30-11-2017 16:15:28,Travelling With Kids,EC-TWK-PT-E-1017,West and North IAP TV,IAP TV
1727,30-11-2017 16:14:28,J&J How To Bathe Your Newborn,BC-JAJ-CH-E-1017,West and North IAP TV,IAP TV
1727,30-11-2017 15:59:07,Saath Saath 1 - Going Back To Work,EC-SS1-WE-H-0617,West and North IAP TV,IAP TV
1727,30-11-2017 15:55:53,Abbott Vaccines Branded,BC-AVE-CH-E-1117,West and North IAP TV,IAP TV
1727,30-11-2017 15:54:09,Furball 3 - Immunity - New,EC-F3I-CH-E-1017,West and North IAP TV,IAP TV
1727,30-11-2017 15:47:21,Travelling With Kids,EC-TWK-PT-E-1017,West and North IAP TV,IAP TV
1727,30-11-2017 15:43:43,Recipe - Apple Ragi Porridge,EC-RARP-CN-E-1017,West and North IAP TV,IAP TV
1727,30-11-2017 15:38:57,Marico Saffola Brand Linked Cheese Balls,BC-SAF-CN-E-1017,West and North IAP TV,IAP TV
1727,30-11-2017 15:38:00,J&J Guide To Baby Milestones 1 Month,BC-JAJ-CH-E-1017,West and North IAP TV,IAP TV
1727,30-11-2017 15:27:47,Abbott Vaccines Branded,BC-AVE-CH-E-1117,West and North IAP TV,IAP TV
1727,30-11-2017 15:26:03,Furball 3 - Immunity - New,EC-F3I-CH-E-1017,West and North IAP TV,IAP TV
1727,30-11-2017 15:19:14,Travelling With Kids,EC-TWK-PT-E-1017,West and North IAP TV,IAP TV
1727,30-11-2017 15:18:14,J&J How To Bathe Your Newborn,BC-JAJ-CH-E-1017,West and North IAP TV,IAP TV
1727,30-11-2017 15:12:51,Recipe - Peach And Apple  Rice,EC-PAR-CN-E-1017,West and North IAP TV,IAP TV
1727,30-11-2017 15:10:51,Marico Saffola Brand Linked Cheese Balls,BC-SAF-CN-E-1017,West and North IAP TV,IAP TV
1727,30-11-2017 14:59:40,Abbott Vaccines Branded,BC-AVE-CH-E-1117,West and North IAP TV,IAP TV
1727,30-11-2017 14:57:56,Furball 3 - Immunity - New,EC-F3I-CH-E-1017,West and North IAP TV,IAP TV
1727,30-11-2017 14:51:08,Travelling With Kids,EC-TWK-PT-E-1017,West and North IAP TV,IAP TV
1727,30-11-2017 14:50:08,J&J How To Bathe Your Newborn,BC-JAJ-CH-E-1017,West and North IAP TV,IAP TV
1727,30-11-2017 14:42:44,Marico Saffola Brand Linked Cheese Balls,BC-SAF-CN-E-1017,West and North IAP TV,IAP TV
1727,30-11-2017 14:31:34,Abbott Vaccines Branded,BC-AVE-CH-E-1117,West and North IAP TV,IAP TV
1727,30-11-2017 14:22:01,J&J How To Bathe Your Newborn,BC-JAJ-CH-E-1017,West and North IAP TV,IAP TV
1727,30-11-2017 13:54:55,Travelling With Kids,EC-TWK-PT-E-1017,West and North IAP TV,IAP TV
1727,30-11-2017 13:35:21,Abbott Vaccines Branded,BC-AVE-CH-E-1117,West and North IAP TV,IAP TV
1727,30-11-2017 13:20:24,Recipe - Peach And Apple  Rice,EC-PAR-CN-E-1017,West and North IAP TV,IAP TV
1727,30-11-2017 13:10:28,Saath Saath 1 - Going Back To Work,EC-SS1-WE-H-0617,West and North IAP TV,IAP TV
1727,30-11-2017 12:52:17,Recipe - Peach And Apple  Rice,EC-PAR-CN-E-1017,West and North IAP TV,IAP TV
1727,30-11-2017 12:49:19,J&J Guide To Baby Milestones 1 Month,BC-JAJ-CH-E-1017,West and North IAP TV,IAP TV
1727,30-11-2017 12:42:21,Saath Saath 1 - Going Back To Work,EC-SS1-WE-H-0617,West and North IAP TV,IAP TV
1727,30-11-2017 12:29:34,J&J How To Bathe Your Newborn,BC-JAJ-CH-E-1017,West and North IAP TV,IAP TV
1727,30-11-2017 12:22:10,Marico Saffola Brand Linked Cheese Balls,BC-SAF-CN-E-1017,West and North IAP TV,IAP TV
1727,30-11-2017 12:21:13,J&J Guide To Baby Milestones 1 Month,BC-JAJ-CH-E-1017,West and North IAP TV,IAP TV
1727,30-11-2017 12:09:16,Furball 3 - Immunity - New,EC-F3I-CH-E-1017,West and North IAP TV,IAP TV
1727,30-11-2017 12:02:27,Travelling With Kids,EC-TWK-PT-E-1017,West and North IAP TV,IAP TV
1727,30-11-2017 11:34:21,Travelling With Kids,EC-TWK-PT-E-1017,West and North IAP TV,IAP TV
1727,30-11-2017 11:33:20,J&J How To Bathe Your Newborn,BC-JAJ-CH-E-1017,West and North IAP TV,IAP TV
1727,30-11-2017 11:27:57,Recipe - Peach And Apple  Rice,EC-PAR-CN-E-1017,West and North IAP TV,IAP TV
1727,30-11-2017 11:25:57,Marico Saffola Brand Linked Cheese Balls,BC-SAF-CN-E-1017,West and North IAP TV,IAP TV
1727,30-11-2017 11:24:59,J&J Guide To Baby Milestones 1 Month,BC-JAJ-CH-E-1017,West and North IAP TV,IAP TV
1727,30-11-2017 11:18:00,Saath Saath 1 - Going Back To Work,EC-SS1-WE-H-0617,West and North IAP TV,IAP TV
1727,30-11-2017 11:06:14,Travelling With Kids,EC-TWK-PT-E-1017,West and North IAP TV,IAP TV
1727,30-11-2017 11:05:14,J&J How To Bathe Your Newborn,BC-JAJ-CH-E-1017,West and North IAP TV,IAP TV
1727,30-11-2017 10:49:53,Saath Saath 1 - Going Back To Work,EC-SS1-WE-H-0617,West and North IAP TV,IAP TV
1727,30-11-2017 10:46:40,Abbott Vaccines Branded,BC-AVE-CH-E-1117,West and North IAP TV,IAP TV
1727,30-11-2017 10:40:46,Marico Saffola Branded Mushroom,BL-SAF-CN-E-1017,West and North IAP TV,IAP TV
1727,30-11-2017 10:34:28,Recipe - Apple Ragi Porridge,EC-RARP-CN-E-1017,West and North IAP TV,IAP TV
1727,29-11-2017 14:57:17,Saath Saath 1 - Going Back To Work,EC-SS1-WE-H-0617,West and North IAP TV,IAP TV
1727,29-11-2017 14:54:03,Abbott Vaccines Branded,BC-AVE-CH-E-1117,West and North IAP TV,IAP TV
1727,29-11-2017 14:52:19,Furball 3 - Immunity - New,EC-F3I-CH-E-1017,West and North IAP TV,IAP TV
1727,29-11-2017 14:44:30,J&J How To Bathe Your Newborn,BC-JAJ-CH-E-1017,West and North IAP TV,IAP TV
1727,29-11-2017 14:41:52,Recipe - Apple Ragi Porridge,EC-RARP-CN-E-1017,West and North IAP TV,IAP TV
1727,29-11-2017 14:36:09,J&J Guide To Baby Milestones 1 Month,BC-JAJ-CH-E-1017,West and North IAP TV,IAP TV
1727,29-11-2017 14:17:24,Travelling With Kids,EC-TWK-PT-E-1017,West and North IAP TV,IAP TV
1727,29-11-2017 13:10:48,Travelling With Kids,EC-TWK-PT-E-1017,West and North IAP TV,IAP TV
1727,29-11-2017 13:09:48,J&J How To Bathe Your Newborn,BC-JAJ-CH-E-1017,West and North IAP TV,IAP TV
1727,29-11-2017 13:07:10,Recipe - Apple Ragi Porridge,EC-RARP-CN-E-1017,West and North IAP TV,IAP TV
1727,29-11-2017 13:02:24,Marico Saffola Brand Linked Cheese Balls,BC-SAF-CN-E-1017,West and North IAP TV,IAP TV
1727,29-11-2017 12:46:44,Recipe - Moong Sprout Dosa,EC-MSD-CN-E-1017,West and North IAP TV,IAP TV
1727,29-11-2017 12:42:41,Travelling With Kids,EC-TWK-PT-E-1017,West and North IAP TV,IAP TV
1727,29-11-2017 12:39:03,Recipe - Apple Ragi Porridge,EC-RARP-CN-E-1017,West and North IAP TV,IAP TV
1727,29-11-2017 12:36:17,Recipe - Peach And Apple  Rice,EC-PAR-CN-E-1017,West and North IAP TV,IAP TV
1727,29-11-2017 12:23:07,Abbott Vaccines Branded,BC-AVE-CH-E-1117,West and North IAP TV,IAP TV
1727,29-11-2017 12:10:56,Recipe - Apple Ragi Porridge,EC-RARP-CN-E-1017,West and North IAP TV,IAP TV
1727,29-11-2017 12:05:13,J&J Guide To Baby Milestones 1 Month,BC-JAJ-CH-E-1017,West and North IAP TV,IAP TV
1727,29-11-2017 11:49:07,Marico Saffola Branded Mushroom,BL-SAF-CN-E-1017,West and North IAP TV,IAP TV
1727,29-11-2017 11:40:03,Recipe - Peach And Apple  Rice,EC-PAR-CN-E-1017,West and North IAP TV,IAP TV
1727,29-11-2017 11:38:04,Marico Saffola Brand Linked Cheese Balls,BC-SAF-CN-E-1017,West and North IAP TV,IAP TV
1727,29-11-2017 11:37:06,J&J Guide To Baby Milestones 1 Month,BC-JAJ-CH-E-1017,West and North IAP TV,IAP TV
1727,29-11-2017 11:25:09,Furball 3 - Immunity - New,EC-F3I-CH-E-1017,West and North IAP TV,IAP TV
1727,29-11-2017 11:11:56,Recipe - Peach And Apple  Rice,EC-PAR-CN-E-1017,West and North IAP TV,IAP TV
1727,29-11-2017 11:02:00,Saath Saath 1 - Going Back To Work,EC-SS1-WE-H-0617,West and North IAP TV,IAP TV
1727,29-11-2017 10:41:50,Marico Saffola Brand Linked Cheese Balls,BC-SAF-CN-E-1017,West and North IAP TV,IAP TV
1727,29-11-2017 10:26:10,Recipe - Moong Sprout Dosa,EC-MSD-CN-E-1017,West and North IAP TV,IAP TV
1727,29-11-2017 10:21:07,J&J How To Bathe Your Newborn,BC-JAJ-CH-E-1017,West and North IAP TV,IAP TV
1727,29-11-2017 10:18:29,Recipe - Apple Ragi Porridge,EC-RARP-CN-E-1017,West and North IAP TV,IAP TV
1727,29-11-2017 10:15:43,Recipe - Peach And Apple  Rice,EC-PAR-CN-E-1017,West and North IAP TV,IAP TV
1727,29-11-2017 10:05:47,Saath Saath 1 - Going Back To Work,EC-SS1-WE-H-0617,West and North IAP TV,IAP TV
1727,29-11-2017 09:56:40,Marico Saffola Branded Mushroom,BL-SAF-CN-E-1017,West and North IAP TV,IAP TV
1727,29-11-2017 09:54:01,Travelling With Kids,EC-TWK-PT-E-1017,West and North IAP TV,IAP TV
1727,29-11-2017 09:29:57,Recipe - Moong Sprout Dosa,EC-MSD-CN-E-1017,West and North IAP TV,IAP TV
1727,29-11-2017 09:28:34,Marico Saffola Branded Mushroom,BL-SAF-CN-E-1017,West and North IAP TV,IAP TV
1727,29-11-2017 09:25:55,Travelling With Kids,EC-TWK-PT-E-1017,West and North IAP TV,IAP TV
1727,29-11-2017 09:24:55,J&J How To Bathe Your Newborn,BC-JAJ-CH-E-1017,West and North IAP TV,IAP TV
1727,29-11-2017 09:17:31,Marico Saffola Brand Linked Cheese Balls,BC-SAF-CN-E-1017,West and North IAP TV,IAP TV
1727,29-11-2017 09:06:21,Abbott Vaccines Branded,BC-AVE-CH-E-1117,West and North IAP TV,IAP TV
1727,29-11-2017 09:04:36,Furball 3 - Immunity - New,EC-F3I-CH-E-1017,West and North IAP TV,IAP TV
1727,29-11-2017 08:57:48,Travelling With Kids,EC-TWK-PT-E-1017,West and North IAP TV,IAP TV
1727,29-11-2017 08:56:48,J&J How To Bathe Your Newborn,BC-JAJ-CH-E-1017,West and North IAP TV,IAP TV
1727,29-11-2017 08:51:24,Recipe - Peach And Apple  Rice,EC-PAR-CN-E-1017,West and North IAP TV,IAP TV
1727,29-11-2017 08:41:28,Saath Saath 1 - Going Back To Work,EC-SS1-WE-H-0617,West and North IAP TV,IAP TV
1727,29-11-2017 08:38:14,Abbott Vaccines Branded,BC-AVE-CH-E-1117,West and North IAP TV,IAP TV
1727,29-11-2017 08:33:44,Recipe - Moong Sprout Dosa,EC-MSD-CN-E-1017,West and North IAP TV,IAP TV
1727,29-11-2017 08:32:21,Marico Saffola Branded Mushroom,BL-SAF-CN-E-1017,West and North IAP TV,IAP TV
1727,29-11-2017 08:29:42,Travelling With Kids,EC-TWK-PT-E-1017,West and North IAP TV,IAP TV
1727,29-11-2017 08:28:42,J&J How To Bathe Your Newborn,BC-JAJ-CH-E-1017,West and North IAP TV,IAP TV
1727,29-11-2017 08:26:04,Recipe - Apple Ragi Porridge,EC-RARP-CN-E-1017,West and North IAP TV,IAP TV
1727,29-11-2017 08:23:18,Recipe - Peach And Apple  Rice,EC-PAR-CN-E-1017,West and North IAP TV,IAP TV
1727,29-11-2017 08:21:18,Marico Saffola Brand Linked Cheese Balls,BC-SAF-CN-E-1017,West and North IAP TV,IAP TV
1727,29-11-2017 08:13:22,Saath Saath 1 - Going Back To Work,EC-SS1-WE-H-0617,West and North IAP TV,IAP TV
1727,29-11-2017 08:08:23,Furball 3 - Immunity - New,EC-F3I-CH-E-1017,West and North IAP TV,IAP TV
1727,29-11-2017 08:05:38,Recipe - Moong Sprout Dosa,EC-MSD-CN-E-1017,West and North IAP TV,IAP TV
1727,29-11-2017 08:01:35,Travelling With Kids,EC-TWK-PT-E-1017,West and North IAP TV,IAP TV
1727,29-11-2017 08:00:35,J&J How To Bathe Your Newborn,BC-JAJ-CH-E-1017,West and North IAP TV,IAP TV
1727,29-11-2017 07:57:57,Recipe - Apple Ragi Porridge,EC-RARP-CN-E-1017,West and North IAP TV,IAP TV
1727,29-11-2017 07:53:12,Marico Saffola Brand Linked Cheese Balls,BC-SAF-CN-E-1017,West and North IAP TV,IAP TV
1727,29-11-2017 07:52:14,J&J Guide To Baby Milestones 1 Month,BC-JAJ-CH-E-1017,West and North IAP TV,IAP TV
1727,29-11-2017 07:45:15,Saath Saath 1 - Going Back To Work,EC-SS1-WE-H-0617,West and North IAP TV,IAP TV
1727,29-11-2017 07:42:02,Abbott Vaccines Branded,BC-AVE-CH-E-1117,West and North IAP TV,IAP TV
1727,29-11-2017 07:37:32,Recipe - Moong Sprout Dosa,EC-MSD-CN-E-1017,West and North IAP TV,IAP TV
1727,29-11-2017 07:33:29,Travelling With Kids,EC-TWK-PT-E-1017,West and North IAP TV,IAP TV
1727,29-11-2017 07:32:29,J&J How To Bathe Your Newborn,BC-JAJ-CH-E-1017,West and North IAP TV,IAP TV
1727,29-11-2017 07:27:05,Recipe - Peach And Apple  Rice,EC-PAR-CN-E-1017,West and North IAP TV,IAP TV
1727,29-11-2017 07:17:09,Saath Saath 1 - Going Back To Work,EC-SS1-WE-H-0617,West and North IAP TV,IAP TV
1727,29-11-2017 07:13:55,Abbott Vaccines Branded,BC-AVE-CH-E-1117,West and North IAP TV,IAP TV
1727,29-11-2017 07:09:25,Recipe - Moong Sprout Dosa,EC-MSD-CN-E-1017,West and North IAP TV,IAP TV
1727,29-11-2017 07:08:02,Marico Saffola Branded Mushroom,BL-SAF-CN-E-1017,West and North IAP TV,IAP TV
1727,29-11-2017 07:05:23,Travelling With Kids,EC-TWK-PT-E-1017,West and North IAP TV,IAP TV
1727,29-11-2017 07:01:45,Recipe - Apple Ragi Porridge,EC-RARP-CN-E-1017,West and North IAP TV,IAP TV
1727,29-11-2017 06:58:59,Recipe - Peach And Apple  Rice,EC-PAR-CN-E-1017,West and North IAP TV,IAP TV
1727,29-11-2017 06:56:02,J&J Guide To Baby Milestones 1 Month,BC-JAJ-CH-E-1017,West and North IAP TV,IAP TV
1727,29-11-2017 06:49:03,Saath Saath 1 - Going Back To Work,EC-SS1-WE-H-0617,West and North IAP TV,IAP TV
1727,29-11-2017 06:45:49,Abbott Vaccines Branded,BC-AVE-CH-E-1117,West and North IAP TV,IAP TV
1727,29-11-2017 06:44:05,Furball 3 - Immunity - New,EC-F3I-CH-E-1017,West and North IAP TV,IAP TV
1727,29-11-2017 06:39:56,Marico Saffola Branded Mushroom,BL-SAF-CN-E-1017,West and North IAP TV,IAP TV
1727,29-11-2017 06:37:17,Travelling With Kids,EC-TWK-PT-E-1017,West and North IAP TV,IAP TV
1727,29-11-2017 06:36:16,J&J How To Bathe Your Newborn,BC-JAJ-CH-E-1017,West and North IAP TV,IAP TV
1727,29-11-2017 06:33:38,Recipe - Apple Ragi Porridge,EC-RARP-CN-E-1017,West and North IAP TV,IAP TV
1727,29-11-2017 06:30:53,Recipe - Peach And Apple  Rice,EC-PAR-CN-E-1017,West and North IAP TV,IAP TV
1727,29-11-2017 06:28:53,Marico Saffola Brand Linked Cheese Balls,BC-SAF-CN-E-1017,West and North IAP TV,IAP TV
1727,29-11-2017 06:27:56,J&J Guide To Baby Milestones 1 Month,BC-JAJ-CH-E-1017,West and North IAP TV,IAP TV
1727,29-11-2017 06:20:57,Saath Saath 1 - Going Back To Work,EC-SS1-WE-H-0617,West and North IAP TV,IAP TV
1727,29-11-2017 06:17:43,Abbott Vaccines Branded,BC-AVE-CH-E-1117,West and North IAP TV,IAP TV
1727,29-11-2017 06:13:13,Recipe - Moong Sprout Dosa,EC-MSD-CN-E-1017,West and North IAP TV,IAP TV
1727,29-11-2017 06:11:50,Marico Saffola Branded Mushroom,BL-SAF-CN-E-1017,West and North IAP TV,IAP TV
1727,29-11-2017 06:09:10,Travelling With Kids,EC-TWK-PT-E-1017,West and North IAP TV,IAP TV
1727,29-11-2017 06:08:10,J&J How To Bathe Your Newborn,BC-JAJ-CH-E-1017,West and North IAP TV,IAP TV
1727,29-11-2017 06:05:32,Recipe - Apple Ragi Porridge,EC-RARP-CN-E-1017,West and North IAP TV,IAP TV
1727,29-11-2017 06:00:47,Marico Saffola Brand Linked Cheese Balls,BC-SAF-CN-E-1017,West and North IAP TV,IAP TV
1727,29-11-2017 05:59:49,J&J Guide To Baby Milestones 1 Month,BC-JAJ-CH-E-1017,West and North IAP TV,IAP TV
1727,29-11-2017 05:52:50,Saath Saath 1 - Going Back To Work,EC-SS1-WE-H-0617,West and North IAP TV,IAP TV
1727,29-11-2017 05:49:36,Abbott Vaccines Branded,BC-AVE-CH-E-1117,West and North IAP TV,IAP TV
1727,29-11-2017 05:47:52,Furball 3 - Immunity - New,EC-F3I-CH-E-1017,West and North IAP TV,IAP TV
1727,29-11-2017 05:45:06,Recipe - Moong Sprout Dosa,EC-MSD-CN-E-1017,West and North IAP TV,IAP TV
1727,29-11-2017 05:43:43,Marico Saffola Branded Mushroom,BL-SAF-CN-E-1017,West and North IAP TV,IAP TV
1727,29-11-2017 05:37:26,Recipe - Apple Ragi Porridge,EC-RARP-CN-E-1017,West and North IAP TV,IAP TV
1727,29-11-2017 05:34:40,Recipe - Peach And Apple  Rice,EC-PAR-CN-E-1017,West and North IAP TV,IAP TV
1727,29-11-2017 05:32:40,Marico Saffola Brand Linked Cheese Balls,BC-SAF-CN-E-1017,West and North IAP TV,IAP TV
1727,29-11-2017 05:31:43,J&J Guide To Baby Milestones 1 Month,BC-JAJ-CH-E-1017,West and North IAP TV,IAP TV
1727,29-11-2017 05:24:44,Saath Saath 1 - Going Back To Work,EC-SS1-WE-H-0617,West and North IAP TV,IAP TV
1727,29-11-2017 05:21:30,Abbott Vaccines Branded,BC-AVE-CH-E-1117,West and North IAP TV,IAP TV
1727,29-11-2017 05:19:46,Furball 3 - Immunity - New,EC-F3I-CH-E-1017,West and North IAP TV,IAP TV
1727,29-11-2017 05:15:37,Marico Saffola Branded Mushroom,BL-SAF-CN-E-1017,West and North IAP TV,IAP TV
1727,29-11-2017 05:11:57,J&J How To Bathe Your Newborn,BC-JAJ-CH-E-1017,West and North IAP TV,IAP TV
1727,29-11-2017 05:09:19,Recipe - Apple Ragi Porridge,EC-RARP-CN-E-1017,West and North IAP TV,IAP TV
1727,29-11-2017 05:06:34,Recipe - Peach And Apple  Rice,EC-PAR-CN-E-1017,West and North IAP TV,IAP TV
1727,29-11-2017 05:04:34,Marico Saffola Brand Linked Cheese Balls,BC-SAF-CN-E-1017,West and North IAP TV,IAP TV
1727,29-11-2017 05:03:36,J&J Guide To Baby Milestones 1 Month,BC-JAJ-CH-E-1017,West and North IAP TV,IAP TV
1727,29-11-2017 04:56:37,Saath Saath 1 - Going Back To Work,EC-SS1-WE-H-0617,West and North IAP TV,IAP TV
1727,29-11-2017 04:53:24,Abbott Vaccines Branded,BC-AVE-CH-E-1117,West and North IAP TV,IAP TV
1727,29-11-2017 04:51:39,Furball 3 - Immunity - New,EC-F3I-CH-E-1017,West and North IAP TV,IAP TV
1727,29-11-2017 04:47:30,Marico Saffola Branded Mushroom,BL-SAF-CN-E-1017,West and North IAP TV,IAP TV
1727,29-11-2017 04:43:51,J&J How To Bathe Your Newborn,BC-JAJ-CH-E-1017,West and North IAP TV,IAP TV
1727,29-11-2017 04:41:13,Recipe - Apple Ragi Porridge,EC-RARP-CN-E-1017,West and North IAP TV,IAP TV
1727,29-11-2017 04:38:27,Recipe - Peach And Apple  Rice,EC-PAR-CN-E-1017,West and North IAP TV,IAP TV
1727,29-11-2017 04:36:28,Marico Saffola Brand Linked Cheese Balls,BC-SAF-CN-E-1017,West and North IAP TV,IAP TV
1727,29-11-2017 04:35:30,J&J Guide To Baby Milestones 1 Month,BC-JAJ-CH-E-1017,West and North IAP TV,IAP TV
1727,29-11-2017 04:28:31,Saath Saath 1 - Going Back To Work,EC-SS1-WE-H-0617,West and North IAP TV,IAP TV
1727,29-11-2017 04:25:18,Abbott Vaccines Branded,BC-AVE-CH-E-1117,West and North IAP TV,IAP TV
1727,29-11-2017 04:20:47,Recipe - Moong Sprout Dosa,EC-MSD-CN-E-1017,West and North IAP TV,IAP TV
1727,29-11-2017 04:19:24,Marico Saffola Branded Mushroom,BL-SAF-CN-E-1017,West and North IAP TV,IAP TV
1727,29-11-2017 04:16:45,Travelling With Kids,EC-TWK-PT-E-1017,West and North IAP TV,IAP TV
1727,29-11-2017 04:00:25,Saath Saath 1 - Going Back To Work,EC-SS1-WE-H-0617,West and North IAP TV,IAP TV
1727,29-11-2017 03:55:27,Furball 3 - Immunity - New,EC-F3I-CH-E-1017,West and North IAP TV,IAP TV
1727,29-11-2017 03:51:18,Marico Saffola Branded Mushroom,BL-SAF-CN-E-1017,West and North IAP TV,IAP TV
1727,29-11-2017 03:47:38,J&J How To Bathe Your Newborn,BC-JAJ-CH-E-1017,West and North IAP TV,IAP TV
1727,29-11-2017 03:45:00,Recipe - Apple Ragi Porridge,EC-RARP-CN-E-1017,West and North IAP TV,IAP TV
1727,29-11-2017 03:42:15,Recipe - Peach And Apple  Rice,EC-PAR-CN-E-1017,West and North IAP TV,IAP TV
1727,29-11-2017 03:40:15,Marico Saffola Brand Linked Cheese Balls,BC-SAF-CN-E-1017,West and North IAP TV,IAP TV
1727,29-11-2017 03:39:17,J&J Guide To Baby Milestones 1 Month,BC-JAJ-CH-E-1017,West and North IAP TV,IAP TV
1727,29-11-2017 03:32:18,Saath Saath 1 - Going Back To Work,EC-SS1-WE-H-0617,West and North IAP TV,IAP TV
1727,29-11-2017 03:27:20,Furball 3 - Immunity - New,EC-F3I-CH-E-1017,West and North IAP TV,IAP TV
1727,29-11-2017 03:24:34,Recipe - Moong Sprout Dosa,EC-MSD-CN-E-1017,West and North IAP TV,IAP TV
1727,29-11-2017 03:23:11,Marico Saffola Branded Mushroom,BL-SAF-CN-E-1017,West and North IAP TV,IAP TV
1727,29-11-2017 03:20:32,Travelling With Kids,EC-TWK-PT-E-1017,West and North IAP TV,IAP TV
1727,29-11-2017 03:19:32,J&J How To Bathe Your Newborn,BC-JAJ-CH-E-1017,West and North IAP TV,IAP TV
1727,29-11-2017 03:16:54,Recipe - Apple Ragi Porridge,EC-RARP-CN-E-1017,West and North IAP TV,IAP TV
1727,29-11-2017 03:14:08,Recipe - Peach And Apple  Rice,EC-PAR-CN-E-1017,West and North IAP TV,IAP TV
1727,29-11-2017 03:04:12,Saath Saath 1 - Going Back To Work,EC-SS1-WE-H-0617,West and North IAP TV,IAP TV
1727,29-11-2017 03:00:58,Abbott Vaccines Branded,BC-AVE-CH-E-1117,West and North IAP TV,IAP TV
1727,29-11-2017 02:56:28,Recipe - Moong Sprout Dosa,EC-MSD-CN-E-1017,West and North IAP TV,IAP TV
1727,29-11-2017 02:55:05,Marico Saffola Branded Mushroom,BL-SAF-CN-E-1017,West and North IAP TV,IAP TV
1727,29-11-2017 02:52:25,Travelling With Kids,EC-TWK-PT-E-1017,West and North IAP TV,IAP TV
1727,29-11-2017 02:51:25,J&J How To Bathe Your Newborn,BC-JAJ-CH-E-1017,West and North IAP TV,IAP TV
1727,29-11-2017 02:46:01,Recipe - Peach And Apple  Rice,EC-PAR-CN-E-1017,West and North IAP TV,IAP TV
1727,29-11-2017 02:44:02,Marico Saffola Brand Linked Cheese Balls,BC-SAF-CN-E-1017,West and North IAP TV,IAP TV
1727,29-11-2017 02:43:04,J&J Guide To Baby Milestones 1 Month,BC-JAJ-CH-E-1017,West and North IAP TV,IAP TV
1727,29-11-2017 02:36:05,Saath Saath 1 - Going Back To Work,EC-SS1-WE-H-0617,West and North IAP TV,IAP TV
1727,29-11-2017 02:32:51,Abbott Vaccines Branded,BC-AVE-CH-E-1117,West and North IAP TV,IAP TV
1727,29-11-2017 02:31:07,Furball 3 - Immunity - New,EC-F3I-CH-E-1017,West and North IAP TV,IAP TV
1727,29-11-2017 02:28:21,Recipe - Moong Sprout Dosa,EC-MSD-CN-E-1017,West and North IAP TV,IAP TV
1727,29-11-2017 02:26:58,Marico Saffola Branded Mushroom,BL-SAF-CN-E-1017,West and North IAP TV,IAP TV
1727,29-11-2017 02:20:41,Recipe - Apple Ragi Porridge,EC-RARP-CN-E-1017,West and North IAP TV,IAP TV
1727,29-11-2017 02:14:58,J&J Guide To Baby Milestones 1 Month,BC-JAJ-CH-E-1017,West and North IAP TV,IAP TV
1727,29-11-2017 02:07:59,Saath Saath 1 - Going Back To Work,EC-SS1-WE-H-0617,West and North IAP TV,IAP TV
1727,29-11-2017 02:03:01,Furball 3 - Immunity - New,EC-F3I-CH-E-1017,West and North IAP TV,IAP TV
1727,29-11-2017 02:00:15,Recipe - Moong Sprout Dosa,EC-MSD-CN-E-1017,West and North IAP TV,IAP TV
1727,29-11-2017 01:58:52,Marico Saffola Branded Mushroom,BL-SAF-CN-E-1017,West and North IAP TV,IAP TV
1727,29-11-2017 01:55:13,J&J How To Bathe Your Newborn,BC-JAJ-CH-E-1017,West and North IAP TV,IAP TV
1727,29-11-2017 01:52:35,Recipe - Apple Ragi Porridge,EC-RARP-CN-E-1017,West and North IAP TV,IAP TV
1727,29-11-2017 01:49:49,Recipe - Peach And Apple  Rice,EC-PAR-CN-E-1017,West and North IAP TV,IAP TV
1727,29-11-2017 01:47:49,Marico Saffola Brand Linked Cheese Balls,BC-SAF-CN-E-1017,West and North IAP TV,IAP TV
1727,29-11-2017 01:46:51,J&J Guide To Baby Milestones 1 Month,BC-JAJ-CH-E-1017,West and North IAP TV,IAP TV
1727,29-11-2017 01:39:53,Saath Saath 1 - Going Back To Work,EC-SS1-WE-H-0617,West and North IAP TV,IAP TV
1727,29-11-2017 01:36:39,Abbott Vaccines Branded,BC-AVE-CH-E-1117,West and North IAP TV,IAP TV
1727,29-11-2017 01:34:54,Furball 3 - Immunity - New,EC-F3I-CH-E-1017,West and North IAP TV,IAP TV
1727,29-11-2017 01:32:09,Recipe - Moong Sprout Dosa,EC-MSD-CN-E-1017,West and North IAP TV,IAP TV
1727,29-11-2017 01:30:46,Marico Saffola Branded Mushroom,BL-SAF-CN-E-1017,West and North IAP TV,IAP TV
1727,29-11-2017 01:24:28,Recipe - Apple Ragi Porridge,EC-RARP-CN-E-1017,West and North IAP TV,IAP TV
1727,29-11-2017 01:21:42,Recipe - Peach And Apple  Rice,EC-PAR-CN-E-1017,West and North IAP TV,IAP TV
1727,29-11-2017 01:19:43,Marico Saffola Brand Linked Cheese Balls,BC-SAF-CN-E-1017,West and North IAP TV,IAP TV
1727,29-11-2017 01:18:45,J&J Guide To Baby Milestones 1 Month,BC-JAJ-CH-E-1017,West and North IAP TV,IAP TV
1727,29-11-2017 01:08:32,Abbott Vaccines Branded,BC-AVE-CH-E-1117,West and North IAP TV,IAP TV
1727,29-11-2017 01:06:48,Furball 3 - Immunity - New,EC-F3I-CH-E-1017,West and North IAP TV,IAP TV
1727,29-11-2017 01:04:02,Recipe - Moong Sprout Dosa,EC-MSD-CN-E-1017,West and North IAP TV,IAP TV
1727,29-11-2017 01:02:39,Marico Saffola Branded Mushroom,BL-SAF-CN-E-1017,West and North IAP TV,IAP TV
1727,29-11-2017 00:59:00,J&J How To Bathe Your Newborn,BC-JAJ-CH-E-1017,West and North IAP TV,IAP TV
1727,29-11-2017 00:56:22,Recipe - Apple Ragi Porridge,EC-RARP-CN-E-1017,West and North IAP TV,IAP TV
1727,29-11-2017 00:53:36,Recipe - Peach And Apple  Rice,EC-PAR-CN-E-1017,West and North IAP TV,IAP TV
1727,29-11-2017 00:51:36,Marico Saffola Brand Linked Cheese Balls,BC-SAF-CN-E-1017,West and North IAP TV,IAP TV
1727,29-11-2017 00:50:39,J&J Guide To Baby Milestones 1 Month,BC-JAJ-CH-E-1017,West and North IAP TV,IAP TV
1727,29-11-2017 00:40:26,Abbott Vaccines Branded,BC-AVE-CH-E-1117,West and North IAP TV,IAP TV
1727,29-11-2017 00:35:56,Recipe - Moong Sprout Dosa,EC-MSD-CN-E-1017,West and North IAP TV,IAP TV
1727,29-11-2017 00:34:33,Marico Saffola Branded Mushroom,BL-SAF-CN-E-1017,West and North IAP TV,IAP TV
1727,29-11-2017 00:31:53,Travelling With Kids,EC-TWK-PT-E-1017,West and North IAP TV,IAP TV
1727,29-11-2017 00:30:53,J&J How To Bathe Your Newborn,BC-JAJ-CH-E-1017,West and North IAP TV,IAP TV
1727,29-11-2017 00:28:15,Recipe - Apple Ragi Porridge,EC-RARP-CN-E-1017,West and North IAP TV,IAP TV
1727,29-11-2017 00:25:30,Recipe - Peach And Apple  Rice,EC-PAR-CN-E-1017,West and North IAP TV,IAP TV
1727,29-11-2017 00:23:30,Marico Saffola Brand Linked Cheese Balls,BC-SAF-CN-E-1017,West and North IAP TV,IAP TV
1727,29-11-2017 00:22:32,J&J Guide To Baby Milestones 1 Month,BC-JAJ-CH-E-1017,West and North IAP TV,IAP TV
1727,29-11-2017 00:15:34,Saath Saath 1 - Going Back To Work,EC-SS1-WE-H-0617,West and North IAP TV,IAP TV
1727,29-11-2017 00:12:20,Abbott Vaccines Branded,BC-AVE-CH-E-1117,West and North IAP TV,IAP TV
1727,29-11-2017 00:10:35,Furball 3 - Immunity - New,EC-F3I-CH-E-1017,West and North IAP TV,IAP TV
1727,29-11-2017 00:07:50,Recipe - Moong Sprout Dosa,EC-MSD-CN-E-1017,West and North IAP TV,IAP TV
1727,29-11-2017 00:06:26,Marico Saffola Branded Mushroom,BL-SAF-CN-E-1017,West and North IAP TV,IAP TV
1727,29-11-2017 00:02:47,J&J How To Bathe Your Newborn,BC-JAJ-CH-E-1017,West and North IAP TV,IAP TV
1727,29-11-2017 00:00:09,Recipe - Apple Ragi Porridge,EC-RARP-CN-E-1017,West and North IAP TV,IAP TV
1727,29-11-2017 00:00:01,Recipe - Apple Ragi Porridge,EC-RARP-CN-E-1017,West and North IAP TV,IAP TV
1727,28-11-2017 23:58:24,Travelling With Kids,EC-TWK-PT-E-1017,West and North IAP TV,IAP TV
1727,28-11-2017 23:57:24,J&J How To Bathe Your Newborn,BC-JAJ-CH-E-1017,West and North IAP TV,IAP TV
1727,28-11-2017 23:54:46,Recipe - Apple Ragi Porridge,EC-RARP-CN-E-1017,West and North IAP TV,IAP TV
1727,28-11-2017 23:52:00,Recipe - Peach And Apple  Rice,EC-PAR-CN-E-1017,West and North IAP TV,IAP TV
1727,28-11-2017 23:50:01,Marico Saffola Brand Linked Cheese Balls,BC-SAF-CN-E-1017,West and North IAP TV,IAP TV
1727,28-11-2017 23:38:51,Abbott Vaccines Branded,BC-AVE-CH-E-1117,West and North IAP TV,IAP TV
1727,28-11-2017 23:34:20,Recipe - Moong Sprout Dosa,EC-MSD-CN-E-1017,West and North IAP TV,IAP TV
1727,28-11-2017 23:30:18,Travelling With Kids,EC-TWK-PT-E-1017,West and North IAP TV,IAP TV
1727,28-11-2017 23:29:18,J&J How To Bathe Your Newborn,BC-JAJ-CH-E-1017,West and North IAP TV,IAP TV
1727,28-11-2017 23:23:54,Recipe - Peach And Apple  Rice,EC-PAR-CN-E-1017,West and North IAP TV,IAP TV
1727,28-11-2017 23:13:58,Saath Saath 1 - Going Back To Work,EC-SS1-WE-H-0617,West and North IAP TV,IAP TV
1727,28-11-2017 23:10:44,Abbott Vaccines Branded,BC-AVE-CH-E-1117,West and North IAP TV,IAP TV
1727,28-11-2017 23:04:51,Marico Saffola Branded Mushroom,BL-SAF-CN-E-1017,West and North IAP TV,IAP TV
1727,28-11-2017 23:01:11,J&J How To Bathe Your Newborn,BC-JAJ-CH-E-1017,West and North IAP TV,IAP TV
1727,28-11-2017 22:58:33,Recipe - Apple Ragi Porridge,EC-RARP-CN-E-1017,West and North IAP TV,IAP TV
1727,28-11-2017 22:53:48,Marico Saffola Brand Linked Cheese Balls,BC-SAF-CN-E-1017,West and North IAP TV,IAP TV
1727,28-11-2017 22:52:50,J&J Guide To Baby Milestones 1 Month,BC-JAJ-CH-E-1017,West and North IAP TV,IAP TV
1727,28-11-2017 22:40:53,Furball 3 - Immunity - New,EC-F3I-CH-E-1017,West and North IAP TV,IAP TV
1727,28-11-2017 22:34:05,Travelling With Kids,EC-TWK-PT-E-1017,West and North IAP TV,IAP TV
1727,28-11-2017 22:33:05,J&J How To Bathe Your Newborn,BC-JAJ-CH-E-1017,West and North IAP TV,IAP TV
1727,28-11-2017 22:27:41,Recipe - Peach And Apple  Rice,EC-PAR-CN-E-1017,West and North IAP TV,IAP TV
1727,28-11-2017 22:24:44,J&J Guide To Baby Milestones 1 Month,BC-JAJ-CH-E-1017,West and North IAP TV,IAP TV
1727,28-11-2017 22:17:45,Saath Saath 1 - Going Back To Work,EC-SS1-WE-H-0617,West and North IAP TV,IAP TV
1727,28-11-2017 22:10:01,Recipe - Moong Sprout Dosa,EC-MSD-CN-E-1017,West and North IAP TV,IAP TV
1727,28-11-2017 22:05:59,Travelling With Kids,EC-TWK-PT-E-1017,West and North IAP TV,IAP TV
1727,28-11-2017 22:02:20,Recipe - Apple Ragi Porridge,EC-RARP-CN-E-1017,West and North IAP TV,IAP TV
1727,28-11-2017 21:59:34,Recipe - Peach And Apple  Rice,EC-PAR-CN-E-1017,West and North IAP TV,IAP TV
1727,28-11-2017 21:57:35,Marico Saffola Brand Linked Cheese Balls,BC-SAF-CN-E-1017,West and North IAP TV,IAP TV
1727,28-11-2017 21:49:38,Saath Saath 1 - Going Back To Work,EC-SS1-WE-H-0617,West and North IAP TV,IAP TV
1727,28-11-2017 21:40:31,Marico Saffola Branded Mushroom,BL-SAF-CN-E-1017,West and North IAP TV,IAP TV
1727,28-11-2017 21:31:28,Recipe - Peach And Apple  Rice,EC-PAR-CN-E-1017,West and North IAP TV,IAP TV
1727,28-11-2017 21:06:07,Recipe - Apple Ragi Porridge,EC-RARP-CN-E-1017,West and North IAP TV,IAP TV
1727,28-11-2017 20:38:00,Recipe - Apple Ragi Porridge,EC-RARP-CN-E-1017,West and North IAP TV,IAP TV
1727,28-11-2017 20:20:20,Furball 3 - Immunity - New,EC-F3I-CH-E-1017,West and North IAP TV,IAP TV
1727,28-11-2017 20:07:08,Recipe - Peach And Apple  Rice,EC-PAR-CN-E-1017,West and North IAP TV,IAP TV
1727,28-11-2017 19:41:47,Recipe - Apple Ragi Porridge,EC-RARP-CN-E-1017,West and North IAP TV,IAP TV
1727,28-11-2017 19:29:06,Saath Saath 1 - Going Back To Work,EC-SS1-WE-H-0617,West and North IAP TV,IAP TV
1727,28-11-2017 19:19:59,Marico Saffola Branded Mushroom,BL-SAF-CN-E-1017,West and North IAP TV,IAP TV
1727,28-11-2017 19:10:55,Recipe - Peach And Apple  Rice,EC-PAR-CN-E-1017,West and North IAP TV,IAP TV
1727,28-11-2017 19:08:55,Marico Saffola Brand Linked Cheese Balls,BC-SAF-CN-E-1017,West and North IAP TV,IAP TV
1727,28-11-2017 19:00:59,Saath Saath 1 - Going Back To Work,EC-SS1-WE-H-0617,West and North IAP TV,IAP TV
1727,28-11-2017 18:51:52,Marico Saffola Branded Mushroom,BL-SAF-CN-E-1017,West and North IAP TV,IAP TV
1727,28-11-2017 18:49:12,Travelling With Kids,EC-TWK-PT-E-1017,West and North IAP TV,IAP TV
1727,28-11-2017 18:48:12,J&J How To Bathe Your Newborn,BC-JAJ-CH-E-1017,West and North IAP TV,IAP TV
1727,28-11-2017 18:45:34,Recipe - Apple Ragi Porridge,EC-RARP-CN-E-1017,West and North IAP TV,IAP TV
1727,28-11-2017 17:49:29,J&J How To Bathe Your Newborn,BC-JAJ-CH-E-1017,West and North IAP TV,IAP TV
1727,28-11-2017 17:46:51,Recipe - Apple Ragi Porridge,EC-RARP-CN-E-1017,West and North IAP TV,IAP TV
1727,28-11-2017 17:44:01,J&J Guide To Baby Milestones 1 Month,BC-JAJ-CH-E-1017,West and North IAP TV,IAP TV
1727,28-11-2017 17:32:04,Furball 3 - Immunity - New,EC-F3I-CH-E-1017,West and North IAP TV,IAP TV
1727,28-11-2017 17:15:39,Travelling With Kids,EC-TWK-PT-E-1017,West and North IAP TV,IAP TV
1727,28-11-2017 17:14:39,J&J How To Bathe Your Newborn,BC-JAJ-CH-E-1017,West and North IAP TV,IAP TV
1727,28-11-2017 17:12:01,Recipe - Apple Ragi Porridge,EC-RARP-CN-E-1017,West and North IAP TV,IAP TV
1727,28-11-2017 17:09:15,Recipe - Peach And Apple  Rice,EC-PAR-CN-E-1017,West and North IAP TV,IAP TV
1727,28-11-2017 16:56:05,Abbott Vaccines Branded,BC-AVE-CH-E-1117,West and North IAP TV,IAP TV
1727,28-11-2017 16:41:08,Recipe - Peach And Apple  Rice,EC-PAR-CN-E-1017,West and North IAP TV,IAP TV
1727,28-11-2017 16:19:26,Travelling With Kids,EC-TWK-PT-E-1017,West and North IAP TV,IAP TV
1727,28-11-2017 16:15:47,Recipe - Apple Ragi Porridge,EC-RARP-CN-E-1017,West and North IAP TV,IAP TV
1727,28-11-2017 15:47:41,Recipe - Apple Ragi Porridge,EC-RARP-CN-E-1017,West and North IAP TV,IAP TV
1727,28-11-2017 15:44:55,Recipe - Peach And Apple  Rice,EC-PAR-CN-E-1017,West and North IAP TV,IAP TV
1727,28-11-2017 15:42:55,Marico Saffola Brand Linked Cheese Balls,BC-SAF-CN-E-1017,West and North IAP TV,IAP TV
1727,28-11-2017 15:30:01,Furball 3 - Immunity - New,EC-F3I-CH-E-1017,West and North IAP TV,IAP TV
1727,28-11-2017 15:22:12,J&J How To Bathe Your Newborn,BC-JAJ-CH-E-1017,West and North IAP TV,IAP TV
1727,28-11-2017 15:14:49,Marico Saffola Brand Linked Cheese Balls,BC-SAF-CN-E-1017,West and North IAP TV,IAP TV
1727,28-11-2017 15:13:51,J&J Guide To Baby Milestones 1 Month,BC-JAJ-CH-E-1017,West and North IAP TV,IAP TV
1727,28-11-2017 15:06:52,Saath Saath 1 - Going Back To Work,EC-SS1-WE-H-0617,West and North IAP TV,IAP TV
1727,28-11-2017 15:03:39,Abbott Vaccines Branded,BC-AVE-CH-E-1117,West and North IAP TV,IAP TV
1727,28-11-2017 14:48:42,Recipe - Peach And Apple  Rice,EC-PAR-CN-E-1017,West and North IAP TV,IAP TV
1727,28-11-2017 14:33:47,Furball 3 - Immunity - New,EC-F3I-CH-E-1017,West and North IAP TV,IAP TV
1727,28-11-2017 14:29:39,Marico Saffola Branded Mushroom,BL-SAF-CN-E-1017,West and North IAP TV,IAP TV
1727,28-11-2017 14:10:39,Saath Saath 1 - Going Back To Work,EC-SS1-WE-H-0617,West and North IAP TV,IAP TV
1727,28-11-2017 14:07:25,Abbott Vaccines Branded,BC-AVE-CH-E-1117,West and North IAP TV,IAP TV
1727,28-11-2017 13:57:53,J&J How To Bathe Your Newborn,BC-JAJ-CH-E-1017,West and North IAP TV,IAP TV
1727,28-11-2017 13:55:15,Recipe - Apple Ragi Porridge,EC-RARP-CN-E-1017,West and North IAP TV,IAP TV
1727,28-11-2017 13:52:29,Recipe - Peach And Apple  Rice,EC-PAR-CN-E-1017,West and North IAP TV,IAP TV
1727,28-11-2017 13:50:29,Marico Saffola Brand Linked Cheese Balls,BC-SAF-CN-E-1017,West and North IAP TV,IAP TV
1727,28-11-2017 13:49:32,J&J Guide To Baby Milestones 1 Month,BC-JAJ-CH-E-1017,West and North IAP TV,IAP TV
1727,28-11-2017 13:39:19,Abbott Vaccines Branded,BC-AVE-CH-E-1117,West and North IAP TV,IAP TV
1727,28-11-2017 13:34:49,Recipe - Moong Sprout Dosa,EC-MSD-CN-E-1017,West and North IAP TV,IAP TV
1727,28-11-2017 13:33:26,Marico Saffola Branded Mushroom,BL-SAF-CN-E-1017,West and North IAP TV,IAP TV
1727,28-11-2017 13:14:26,Saath Saath 1 - Going Back To Work,EC-SS1-WE-H-0617,West and North IAP TV,IAP TV
1727,28-11-2017 13:02:40,Travelling With Kids,EC-TWK-PT-E-1017,West and North IAP TV,IAP TV
1727,28-11-2017 13:01:40,J&J How To Bathe Your Newborn,BC-JAJ-CH-E-1017,West and North IAP TV,IAP TV
1727,28-11-2017 12:46:20,Saath Saath 1 - Going Back To Work,EC-SS1-WE-H-0617,West and North IAP TV,IAP TV
1727,28-11-2017 12:34:33,Travelling With Kids,EC-TWK-PT-E-1017,West and North IAP TV,IAP TV
1727,28-11-2017 12:33:33,J&J How To Bathe Your Newborn,BC-JAJ-CH-E-1017,West and North IAP TV,IAP TV
1727,28-11-2017 12:30:55,Recipe - Apple Ragi Porridge,EC-RARP-CN-E-1017,West and North IAP TV,IAP TV
1727,28-11-2017 12:28:09,Recipe - Peach And Apple  Rice,EC-PAR-CN-E-1017,West and North IAP TV,IAP TV
1727,28-11-2017 12:25:12,J&J Guide To Baby Milestones 1 Month,BC-JAJ-CH-E-1017,West and North IAP TV,IAP TV
1727,28-11-2017 10:53:52,Saath Saath 1 - Going Back To Work,EC-SS1-WE-H-0617,West and North IAP TV,IAP TV
1727,28-11-2017 10:46:08,Recipe - Moong Sprout Dosa,EC-MSD-CN-E-1017,West and North IAP TV,IAP TV
1727,28-11-2017 10:38:26,Recipe - Apple Ragi Porridge,EC-RARP-CN-E-1017,West and North IAP TV,IAP TV
1727,27-11-2017 19:53:17,Recipe - Peach And Apple  Rice,EC-PAR-CN-E-1017,West and North IAP TV,IAP TV
1727,27-11-2017 19:15:14,Saath Saath 1 - Going Back To Work,EC-SS1-WE-H-0617,West and North IAP TV,IAP TV
1727,27-11-2017 19:12:00,Abbott Vaccines Branded,BC-AVE-CH-E-1117,West and North IAP TV,IAP TV
1727,27-11-2017 19:02:27,J&J How To Bathe Your Newborn,BC-JAJ-CH-E-1017,West and North IAP TV,IAP TV
1727,27-11-2017 18:59:49,Recipe - Apple Ragi Porridge,EC-RARP-CN-E-1017,West and North IAP TV,IAP TV
1727,27-11-2017 13:41:01,Furball 3 - Immunity - New,EC-F3I-CH-E-1017,West and North IAP TV,IAP TV
1727,27-11-2017 13:38:16,Recipe - Moong Sprout Dosa,EC-MSD-CN-E-1017,West and North IAP TV,IAP TV
1727,27-11-2017 13:36:53,Marico Saffola Branded Mushroom,BL-SAF-CN-E-1017,West and North IAP TV,IAP TV
1727,27-11-2017 13:30:35,Recipe - Apple Ragi Porridge,EC-RARP-CN-E-1017,West and North IAP TV,IAP TV
1727,27-11-2017 13:24:52,J&J Guide To Baby Milestones 1 Month,BC-JAJ-CH-E-1017,West and North IAP TV,IAP TV
1727,27-11-2017 13:06:07,Travelling With Kids,EC-TWK-PT-E-1017,West and North IAP TV,IAP TV
1727,27-11-2017 12:31:36,Recipe - Peach And Apple  Rice,EC-PAR-CN-E-1017,West and North IAP TV,IAP TV
1727,27-11-2017 12:21:39,Saath Saath 1 - Going Back To Work,EC-SS1-WE-H-0617,West and North IAP TV,IAP TV
1727,27-11-2017 12:18:25,Abbott Vaccines Branded,BC-AVE-CH-E-1117,West and North IAP TV,IAP TV
1727,27-11-2017 11:35:22,Recipe - Peach And Apple  Rice,EC-PAR-CN-E-1017,West and North IAP TV,IAP TV
1727,27-11-2017 11:25:25,Saath Saath 1 - Going Back To Work,EC-SS1-WE-H-0617,West and North IAP TV,IAP TV
1727,27-11-2017 11:20:27,Furball 3 - Immunity - New,EC-F3I-CH-E-1017,West and North IAP TV,IAP TV
1727,27-11-2017 11:13:39,Travelling With Kids,EC-TWK-PT-E-1017,West and North IAP TV,IAP TV
1727,27-11-2017 11:07:15,Recipe - Peach And Apple  Rice,EC-PAR-CN-E-1017,West and North IAP TV,IAP TV
1727,27-11-2017 11:05:15,Marico Saffola Brand Linked Cheese Balls,BC-SAF-CN-E-1017,West and North IAP TV,IAP TV
1727,27-11-2017 11:04:17,J&J Guide To Baby Milestones 1 Month,BC-JAJ-CH-E-1017,West and North IAP TV,IAP TV
1727,27-11-2017 10:49:34,Recipe - Moong Sprout Dosa,EC-MSD-CN-E-1017,West and North IAP TV,IAP TV
1727,27-11-2017 10:48:11,Marico Saffola Branded Mushroom,BL-SAF-CN-E-1017,West and North IAP TV,IAP TV
1727,27-11-2017 10:45:32,Travelling With Kids,EC-TWK-PT-E-1017,West and North IAP TV,IAP TV
